{"cameraMode":{"drawMode":0,"name":"Shaded","section":"Shading Mode"},"sceneLighting":false,"audioPlay":false,"sceneViewState":{"m_AlwaysRefresh":false,"showFog":true,"showSkybox":false,"showFlares":true,"showImageEffects":true,"showParticleSystems":true,"showVisualEffectGraphs":true,"m_FxEnabled":true},"in2DMode":false,"pivot":{"x":0.8331142067909241,"y":0.7910748720169067,"z":7.1348466873168949},"rotation":{"x":0.08053064346313477,"y":0.13221001625061036,"z":-0.010651906952261925,"w":0.9880537390708923},"size":2.411771774291992,"orthographic":false}