{"cameraMode":{"drawMode":0,"name":"Shaded","section":"Shading Mode"},"sceneLighting":false,"audioPlay":false,"sceneViewState":{"m_AlwaysRefresh":false,"showFog":true,"showSkybox":false,"showFlares":true,"showImageEffects":true,"showParticleSystems":true,"showVisualEffectGraphs":true,"m_FxEnabled":true},"in2DMode":false,"pivot":{"x":0.3306331932544708,"y":0.8759597539901733,"z":3.7193121910095217},"rotation":{"x":-0.006959713064134121,"y":0.9378482699394226,"z":-0.34692877531051638,"w":-0.018978724256157876},"size":0.311771959066391,"orthographic":false}