{"cameraMode":{"drawMode":0,"name":"Shaded","section":"Shading Mode"},"sceneLighting":true,"audioPlay":false,"sceneViewState":{"m_AlwaysRefresh":false,"showFog":true,"showSkybox":true,"showFlares":true,"showImageEffects":true,"showParticleSystems":true,"showVisualEffectGraphs":true,"m_FxEnabled":true},"in2DMode":false,"pivot":{"x":17.952791213989259,"y":4.619431495666504,"z":36.85309600830078},"rotation":{"x":0.05596403405070305,"y":-0.9346855282783508,"z":0.17040985822677613,"w":0.30747702717781069},"size":0.8660253882408142,"orthographic":false}