{"cameraMode":{"drawMode":0,"name":"Shaded","section":"Shading Mode"},"sceneLighting":false,"audioPlay":false,"sceneViewState":{"m_AlwaysRefresh":false,"showFog":true,"showSkybox":false,"showFlares":true,"showImageEffects":true,"showParticleSystems":true,"showVisualEffectGraphs":true,"m_FxEnabled":true},"in2DMode":false,"pivot":{"x":-0.04016927257180214,"y":1.0076922178268433,"z":3.9781172275543215},"rotation":{"x":-0.004995712544769049,"y":-0.9952580332756043,"z":0.06608203798532486,"w":-0.07347125560045243},"size":0.38901910185813906,"orthographic":false}